<?xml version="1.0" encoding="UTF-8" standalone="true"?>
<FileZilla3> 
    <Servers> 
        <Server> 
            <Host>ftp.cadglobal.com.br</Host> 
            <Port>2382</Port> 
            <Protocol>1</Protocol> 
            <Type>0</Type> 
            <User>cadglobal</User>
            <Logontype>2</Logontype> 
            <TimezoneOffset>0</TimezoneOffset> 
            <PasvMode>MODE_DEFAULT</PasvMode> 
            <MaximumMultipleConnections>0</MaximumMultipleConnections> 
            <EncodingType>Auto</EncodingType> 
            <BypassProxy>0</BypassProxy> 
            <Name>ftp.cadglobal.com.br</Name> 
            <Comments/> 
            <LocalDir/> 
            <RemoteDir/> 
            <SyncBrowsing>0</SyncBrowsing>
            ftp.cadglobal.com.br 
        </Server> 
    </Servers> 
</FileZilla3>
